Count,Time
1,0.13846182823181152
2,0.26200366020202637
3,0.3609962463378906
4,0.566582202911377
